<?xml version="1.0" encoding="utf-8" ?>
<Root version="1" w="720" h="1280" frameRate="100" translucent="true" background="lockscreen_wallpaper.png">
    <LockRad id="1" x="-109" y="1060" alignX="1" alignY="1" recoverSpeed="200" unlockSpeed="300">
        <Target id="1" intentUri="normal" degree="0" angle="30" distance="350" recoverSpeed="200" unlockSpeed="300" />
        <EventInit enable="true" />
    </LockRad>
    <Screen>
        <!-- 
    <EventUnlockIdle alpha="1" offsetX="0" offsetY="0" />
    <EventUnlockMove p1="1" offsetXA="true" offsetYA="true" />
    <EventUnlockT p1="1" p2="2" alpha="1" alphaT="1" />
    <EventUnlockIdle offsetX="100" />
    <EventUnlockStart p1="1" p2="0" offsetX="100" />
    <EventUnlockStart p1="1" p2="1" offsetY="100" />
    <EventUnlockFail p1="1" p2="0" offsetX="-100" />
    <EventUnlockFail p1="1" p2="1" offsetY="-100" />
    <EventUnlockSuccess p1="1" p2="1" offsetX="100" />
    <EventUnlockMove p1="1" rotate="0" rotateT="360" alpha="-1.0" alphaT="1" />
    <EventUnlockT p1="1" p2="1" offsetXA="true" offsetYA="true" offsetXR="true" offsetYR="true" />
     -->
    </Screen>
    <!-- *************************锁屏区域*****start***************************** -->
    <!-- normal按钮 -->
    <ImageEvent x="191" y="1188" alignX="1" alignY="1" name="normal">
        <!-- normal初始状态图片 -->
        <Image src="unlock_normal_normal.png" />
        <!-- normal解锁状态图片 -->
        <Image src="unlock_normal_pressed.png" />
        <!-- 通用动作 -->
        <EventInit visible="false" />
        <EventUnlockIdle visible="false" />
        <EventUnlockStart p1="1" p2="0" index="1" alpha="1" visible="true" />
        <!-- 特殊动作 -->
        <EventUnlockSuccess p1="1" p2="1" index="2" />
    </ImageEvent>
    <!-- *************************锁屏区域*****end***************************** -->
    <!-- *************************未接电话*****start***************************** -->
    <!-- 未接电话按钮 -->
    <ImageEvent x="312" y="472" alignX="1" alignY="1" w="85" h="85" name="">
        <!-- call初始状态图片 -->
        <Image src="new_event_num_call_icon_normal.png" />
        <!-- call解锁状态图片 -->
        <Image src="new_event_num_call_icon_pressed.png" />
        <!-- 通用动作 -->
        <EventUnlockInit index="1" alpha="1" />
        <EventUnlockIdle index="1" alpha="1" />
        <EventUnlockStart p1="1" p2="0" index="1" alpha="1" />
        <!-- 特殊动作 -->
        <EventCallOn visible="true" />
        <EventCallOff visible="false" />
        <EventUnlockT p1="1" p2="1" alpha="1" alphaT="0" />
        <EventUnlockSuccess p1="1" p2="1" index="2" />
    </ImageEvent>
    <!-- 未接通话数量的图片 -->
    <ImageCallNum x="302" y="518" alignX="1" alignY="1" w="20" h="20">
        <!-- 未接通话数量的图片 -->
        <Image src="num_0.png" />
        <!-- 0个的图片 -->
        <Image src="num_1.png" />
        <!-- 1个的图片 -->
        <Image src="num_2.png" />
        <!-- 2个的图片 -->
        <Image src="num_3.png" />
        <!-- 3个的图片 -->
        <Image src="num_4.png" />
        <!-- 4个的图片 -->
        <Image src="num_5.png" />
        <!-- 5个的图片 -->
        <Image src="num_6.png" />
        <!-- 6个的图片 -->
        <Image src="num_7.png" />
        <!-- 7个的图片 -->
        <Image src="num_8.png" />
        <!-- 8个的图片 -->
        <Image src="num_9.png" />
        <!-- 9个的图片 -->
        <Image src="num_9+.png" />
        <!-- 大于9个的图片 -->
        <EventUnlockInit alpha="1" />
        <EventUnlockIdle alpha="1" />
        <EventUnlockStart p1="1" p2="0" alpha="1" />
        <!-- 特殊动作 -->
        <EventCallOn visible="true" />
        <EventCallOff visible="false" />
        <EventUnlockT p1="1" p2="1" alpha="1" alphaT="0" />
    </ImageCallNum>
    <!-- *************************未接电话*****end***************************** -->
    <!-- *************************未读短信*****start*************************** -->
    <!-- 未读短信按钮 -->
    <ImageEvent x="312" y="596" alignX="1" alignY="1" w="85" h="85" name="">
        <!-- message初始状态图片 -->
        <Image src="new_event_num_massage_icon_normal.png" />
        <!-- message解锁状态图片 -->
        <Image src="new_event_num_massage_icon_pressed.png" />
        <!-- 通用动作 -->
        <EventUnlockInit index="1" alpha="1" />
        <EventUnlockIdle index="1" alpha="1" />
        <EventUnlockStart p1="1" p2="0" index="1" alpha="1" />
        <!-- 特殊动作 -->
        <EventMessageOn visible="true" />
        <EventMessageOff visible="false" />
        <EventUnlockT p1="1" p2="1" alpha="1" alphaT="0" />
        <EventUnlockSuccess p1="1" p2="1" index="2" />
    </ImageEvent>
    <!-- 未读信息数量的图片 -->
    <ImageMessageNum x="302" y="653" alignX="1" alignY="1" w="20" h="20">
        <Image src="num_0.png" />
        <!-- 0个的图片 -->
        <Image src="num_1.png" />
        <!-- 1个的图片 -->
        <Image src="num_2.png" />
        <!-- 2个的图片 -->
        <Image src="num_3.png" />
        <!-- 3个的图片 -->
        <Image src="num_4.png" />
        <!-- 4个的图片 -->
        <Image src="num_5.png" />
        <!-- 5个的图片 -->
        <Image src="num_6.png" />
        <!-- 6个的图片 -->
        <Image src="num_7.png" />
        <!-- 7个的图片 -->
        <Image src="num_8.png" />
        <!-- 8个的图片 -->
        <Image src="num_9.png" />
        <!-- 9个的图片 -->
        <Image src="num_9+.png" />
        <!-- 大于9个的图片 -->
        <EventUnlockInit alpha="1" />
        <EventUnlockIdle alpha="1" />
        <EventUnlockStart p1="1" p2="0" alpha="1" />
        <!-- 特殊动作 -->
        <EventMessageOn visible="true" />
        <!-- 有未读信息时 -->
        <EventMessageOff visible="false" />
        <!-- 无未读信息时 -->
        <EventUnlockT p1="1" p2="1" alpha="1" alphaT="0" />
    </ImageMessageNum>
    <!-- *************************未读短信*****end***************************** -->
    <!-- 解锁按钮 -->
    <ImageEvent x="6" y="1168" alignX="1" alignY="1" name="unlock">
        <!-- idle状态锁图片 -->
        <Image src="unlock_handle_normal.png" />
        <!-- move状态锁图片 -->
        <Image src="unlock_handle_pressed.png" />
        <EventInit index="1" offsetX="0" offsetY="0" />
        <EventUnlockIdle index="1" offsetX="0" offsetY="0" />
        <EventUnlockStart p1="1" p2="0" index="2" />
        <EventUnlockT p1="1" p2="1" offsetXR="true" offsetYR="true" />
    </ImageEvent>
    <!-- *************************时间区域*****start***************************** -->
    <!-- 时钟 -->
    <ImageHour10 x="26" y="983" alignX="1" alignY="1">
        <!-- 小时十位的图片 -->
        <Image src="time_0.png" />
        <!-- 数字0的图片，src缺省为空，下同 -->
        <Image src="time_1.png" />
        <!-- 数字1的图片 -->
        <Image src="time_2.png" />
        <!-- 数字2的图片 -->
        <Image src="time_3.png" />
        <!-- 数字3的图片 -->
        <Image src="time_4.png" />
        <!-- 数字4的图片 -->
        <Image src="time_5.png" />
        <!-- 数字5的图片 -->
        <Image src="time_6.png" />
        <!-- 数字6的图片 -->
        <Image src="time_7.png" />
        <!-- 数字7的图片 -->
        <Image src="time_8.png" />
        <!-- 数字8的图片 -->
        <Image src="time_9.png" />
        <!-- 数字9的图片 -->
    </ImageHour10>
    <ImageHour1 x="112" y="983" alignX="1" alignY="1">
        <!-- 小时个位的图片 -->
        <Image src="time_0.png" />
        <!-- 数字0的图片 -->
        <Image src="time_1.png" />
        <!-- 数字1的图片 -->
        <Image src="time_2.png" />
        <!-- 数字2的图片 -->
        <Image src="time_3.png" />
        <!-- 数字3的图片 -->
        <Image src="time_4.png" />
        <!-- 数字4的图片 -->
        <Image src="time_5.png" />
        <!-- 数字5的图片 -->
        <Image src="time_6.png" />
        <!-- 数字6的图片 -->
        <Image src="time_7.png" />
        <!-- 数字7的图片 -->
        <Image src="time_8.png" />
        <!-- 数字8的图片 -->
        <Image src="time_9.png" />
        <!-- 数字9的图片 -->
    </ImageHour1>
    <!-- 时间分隔符 -->
    <Image x="198" y="983" alignX="1" alignY="1" src="time_colon.png" name="colon" />
    <ImageMin10 x="217" y="983" alignX="1" alignY="1">
        <!-- 分钟十位的图片 -->
        <Image src="time_0.png" />
        <!-- 数字0的图片 -->
        <Image src="time_1.png" />
        <!-- 数字1的图片 -->
        <Image src="time_2.png" />
        <!-- 数字2的图片 -->
        <Image src="time_3.png" />
        <!-- 数字3的图片 -->
        <Image src="time_4.png" />
        <!-- 数字4的图片 -->
        <Image src="time_5.png" />
        <!-- 数字5的图片 -->
        <Image src="time_6.png" />
        <!-- 数字6的图片 -->
        <Image src="time_7.png" />
        <!-- 数字7的图片 -->
        <Image src="time_8.png" />
        <!-- 数字8的图片 -->
        <Image src="time_9.png" />
        <!-- 数字9的图片 -->
    </ImageMin10>
    <ImageMin1 x="303" y="983" alignX="1" alignY="1">
        <!-- 分钟个位的图片 -->
        <Image src="time_0.png" />
        <!-- 数字0的图片 -->
        <Image src="time_1.png" />
        <!-- 数字1的图片 -->
        <Image src="time_2.png" />
        <!-- 数字2的图片 -->
        <Image src="time_3.png" />
        <!-- 数字3的图片 -->
        <Image src="time_4.png" />
        <!-- 数字4的图片 -->
        <Image src="time_5.png" />
        <!-- 数字5的图片 -->
        <Image src="time_6.png" />
        <!-- 数字6的图片 -->
        <Image src="time_7.png" />
        <!-- 数字7的图片 -->
        <Image src="time_8.png" />
        <!-- 数字8的图片 -->
        <Image src="time_9.png" />
        <!-- 数字9的图片 -->
    </ImageMin1>
    <!-- AM/PM -->
    <ImageAmPm x="580" y="132" alignX="1" alignY="1">
        <!-- 上午下午的图片 -->
        <Image src="time_am.png" />
        <!-- 上午的图片 -->
        <Image src="time_pm.png" />
        <!-- 下午的图片 -->
        <EventAmPmOff alpha="0" />
        <!-- 24小时制时 -->
        <EventAmPmOn alpha="1" />
        <!-- 12小时制时 -->
    </ImageAmPm>
    <!-- 日期 -->
    <TextDateWeek x="26" y="1122" alignX="1" alignY="1" gravityX="0" bold="false" italic="false" color="#FFFFFFFF" size="32" />
    <!-- *************************电池区域*****start***************************** -->
    <!-- 电池信息文本(充电) -->
    <TextBattery x="6" y="52" alignX="1" alignY="1" w="720" h="70" bold="false" italic="false" gravityX="0" gravityY="1" color="#FFFFFFFF" size="24">
        <!-- 电池信息文本 -->
        <!-- 通用动作 -->
        <EventBatteryCharged visible="false" />
        <!-- 充满时 -->
        <EventBatteryNormal p1="0" p2="100" visible="false" />
        <!-- 【t】电量正常且在[p1, p2]内时，电量有效范围为0到100 -->
        <EventBatteryLow p1="0" p2="100" visible="false" />
        <!-- 【t】电量低且在[p1, p2]内时，电量有效范围为0到100 -->
        <EventBatteryCharging p1="0" p2="100" visible="true" />
        <!-- 【t】充电且在[p1, p2]内时，电量有效范围为0到100 -->
    </TextBattery>
    <!-- 电池信息文本(充满) -->
    <TextBattery x="6" y="52" alignX="1" alignY="1" w="720" h="70" bold="false" italic="false" gravityX="0" gravityY="1" color="#FFFFFFFF" size="24">
        <!-- 电池信息文本 -->
        <!-- 通用动作 -->
        <EventBatteryCharged visible="true" />
        <!-- 充满时 -->
        <EventBatteryNormal p1="0" p2="100" visible="false" />
        <!-- 【t】电量正常且在[p1, p2]内时，电量有效范围为0到100 -->
        <EventBatteryLow p1="0" p2="100" visible="false" />
        <!-- 【t】电量低且在[p1, p2]内时，电量有效范围为0到100 -->
        <EventBatteryCharging p1="0" p2="100" visible="false" />
        <!-- 【t】充电且在[p1, p2]内时，电量有效范围为0到100 -->
    </TextBattery>
    <!-- 电池信息文本(正常) -->
    <TextBattery x="6" y="52" alignX="1" alignY="1" w="720" h="70" bold="false" italic="false" gravityX="0" gravityY="1" color="#FFFFFFFF" size="24">
        <!-- 电池信息文本 -->
        <!-- 通用动作 -->
        <EventBatteryCharged visible="false" />
        <!-- 充满时 -->
        <EventBatteryNormal p1="0" p2="100" visible="false" />
        <!-- 【t】电量正常且在[p1, p2]内时，电量有效范围为0到100 -->
        <EventBatteryLow p1="0" p2="100" visible="false" />
        <!-- 【t】电量低且在[p1, p2]内时，电量有效范围为0到100 -->
        <EventBatteryCharging p1="0" p2="100" visible="false" />
        <!-- 【t】充电且在[p1, p2]内时，电量有效范围为0到100 -->
    </TextBattery>
    <!-- 电池信息文本(电量低) -->
    <TextBattery x="6" y="52" alignX="1" alignY="1" w="720" h="70" bold="false" italic="false" gravityX="0" gravityY="1" color="#FFFFFFFF" size="24">
        <!-- 电池信息文本 -->
        <!-- 通用动作 -->
        <EventBatteryCharged visible="false" />
        <!-- 充满时 -->
        <EventBatteryNormal p1="0" p2="100" visible="false" />
        <!-- 【t】电量正常且在[p1, p2]内时，电量有效范围为0到100 -->
        <EventBatteryLow p1="0" p2="100" visible="true" />
        <!-- 【t】电量低且在[p1, p2]内时，电量有效范围为0到100 -->
        <EventBatteryCharging p1="0" p2="100" visible="false" />
        <!-- 【t】充电且在[p1, p2]内时，电量有效范围为0到100 -->
    </TextBattery>
    <!-- *************************电池区域*****end***************************** -->
    <!-- ButtonEmergencyCall紧急呼叫按钮 -->
    <ButtonEmergencyCall x="574" y="327" alignX="1" alignY="1" srcSosNormal="sos_normal.png" srcSosPressed="sos_pressed.png" />
    <!-- 机主信息文本 -->
    <TextOwnerInfo y="1153" alignX="1" alignY="1" w="720" h="30" bold="false" italic="false" gravityX="0" gravityY="0" color="#ffffff" size="24" />
    <!-- 全部运营商文本 -->
    <TextSimAll y="1209" alignX="1" alignY="1" w="720" h="30" bold="false" italic="false" gravityX="0" gravityY="0" color="#ffffff" size="24" />
</Root>
